# id	Compound name	CAS number
0	jasmone	488-10-8
1	5-methylhexanoic_acid	628-46-6
2	l-glutamine	56-85-9
3	1-methyl-3-methoxy-4-isopropylbenzene	1076-56-8
4	methyl-3-phenylpropionate	103-25-3
5	3-mercapto-2-methylpentan-1-ol_(racemic)	227456-27-1
6	ethyl-3-hydroxybutyrate	5405-41-4
7	cyclohexyl_butyrate	1551-44-6
8	methyl_dihydrojasmonate	24851-98-7
9	methyl_2-methylthiobutyrate	42075-45-6
10	2-(1-methylpropyl)thiazole	18277-27-5
11	octyl_propionate	142-60-9
12	2_or_5_or_6-methoxy-3-methylpyrazine_(mixture_of_isomers)	68378-13-2
13	l-_and_dl-alanine	302-72-7
14	2-propionyl-2-thiazoline	29926-42-9
15	2-trans-3,7-dimethylocta-2,6-dienyl-2-ethyl_butanoate	73019-14-4
16	10-undecenal	112-45-8
17	(z)-3_&amp;_(e)-2-hexenyl_propionate_(mixture)	33467-74-2
18	(+/?)-1-phenylethylmercaptan	6263-65-6
19	3,5-diethyl-2-methylpyrazine	18138-05-1
20	lactic_acid	598-82-3
21	linalyl_butyrate	78-36-4
22	methylsulfinylmethane	67-68-5
23	ethyl_2,4,7-decatrienoate	78417-28-4
24	lauryl_acetate	112-66-3
25	4-methoxy-2-methyl-2-butanethiol	94087-83-9
26	4-heptanone	123-19-3
27	benzothiazole	95-16-9
28	p-menthan-2-ol	499-69-4
29	w-6-hexadecenlactone	7779-50-2
30	terpinyl_propionate	80-27-3
31	(z)-3-hexenyl_valerate	35852-46-1
32	(+/?)-(2,6,6-trimethyl-2-hydroxycyclohexylidene)_ace-tic_acid_g-lactone	15356-74-8
33	2,6,6-trimethyl-1,2-cyclohexen-1-carboxaldehyde	977045-71-8
34	2-acetylfuran	1192-62-7
35	nonyl_acetate	143-13-5
36	3-methyl-1,2,4-trithiane	43040-01-3
37	4'-methylacetophenone	122-00-9
38	4-hydroxy-3-methoxybenzoic_acid	121-34-6
39	hexyl_isovalerate	10032-13-0
40	2-methylpyrazine	109-08-0
41	cycloionone	5552-30-7
42	isopropyl_hexanoate	2311-46-8
43	4-allyl-2,_6-dimethoxyphenol	6627-88-9
44	octyl_acetate	112-14-1
45	p-mentha-1,8-dien-7-al	2111-75-3
46	benzyl_cinnamate	103-41-3
47	thaumatin	53850-34-3
48	p-ethylphenol	123-07-9
49	3-octyl_acetate	4864-61-3
50	isoamyl_formate	110-45-2
51	pyroligneous_acid	8030-97-5
52	3-ethylpyridine	536-78-7
53	methyl_p-hydroxybenzoate	99-76-3
54	disodium_5'-inosinate	4691-65-0
55	isoamyl_cinnamate	7779-65-9
56	isoamyl_acetate	123-92-2
57	dihydrocoumarin	119-84-6
58	cis-3-hexenyl_isovalerate	35154-45-1
59	2-isobutyl-3-methylpyrazine	13925-06-9
60	2-ethylhexanethiol	7341-17-5
61	geranyl_butyrate	106-29-6
62	trans,_trans-2,4-hexadienal	142-83-6
63	3-penten-2-one	625-33-2
64	2-dodecenal	4826-62-4
65	n-butyl_valerate	591-68-4
66	rhodinyl_formate	141-09-3
67	(e)-2-decenoic_acid	334-49-6
68	4-methyl-2,3-pentanedione	7493-58-5
69	hydroxynonanoic_acid,_d-lactone	3301-94-8
70	2-propionylpyrroline	133447-37-7
71	methyl_thiobutyrate	2432-51-1
72	l-tyrosine	60-18-4
73	g-dodecalactone	2305-05-7
74	(z)-3-hexenyl_(e)-2-butenoate	65405-80-3
75	3,7-dimethyl-1,3,6-octatriene	13877-91-3
76	2-trans-6-cis-dodecadienal	21662-13-5
77	isobutyl_2-butenoate	589-66-2
78	2,6-dimethyl-5-heptenal	106-72-9
79	methyl_citronellate	2270-60-2
80	methyl_2-hydroxy-4-methylpentanoate	40348-72-9
81	isoamyl_octanoate	2035-99-6
82	4-(methylthio)-2-oxobutanoic_acid	583-92-6
83	4-ethyloctanoic_acid	16493-80-4
84	2,3-dimethylpyrazine	5910-89-4
85	2-methyl-4-propyl-1,3-oxathiane	67715-80-4
86	ethyl_butyrate	105-54-4
87	difurfuryl_ether	4437-22-3
88	valencene	4630-07-3
89	methyl_2-methylpentanoate	2177-77-7
90	menthol	89-78-1
91	methyl_valerate	624-24-8
92	diphenyl_ether	101-84-8
93	g-hexalactone	695-06-7
94	p-methoxybenzaldehyde	123-11-5
95	tolualdehydes,_mixed_o-,_m-,_p-	1334-78-7
96	propenyl_propyl_disulfide	5905-46-4
97	3-hexanol	623-37-0
98	furfuryl_thioacetate	13678-68-7
99	(+/?)-ethyl_3-acetoxy-2-methylbutyrate	139564-43-5
100	(z)-8-tetradecenal	169054-69-7
101	b-caryophyllene	87-44-5
102	furfuryl_methyl_ether	13679-46-4
103	dl-(3-amino-3-carboxypropyl)dimethylsulfonium_chloride	1115-84-0
104	ethyl-3-methylthiopropionate	13327-56-5
105	pyruvic_acid	127-17-3
106	isobornyl_isovalerate	7779-73-9
107	methyl-2-pyrrolyl_ketone	1072-83-9
108	isobutyraldehyde	78-84-2
109	5-methyl-2,3-hexanedione	13706-86-0
110	cis-3-hexenyl_hexanoate	31501-11-8
111	ethyl_anthranilate	87-25-2
112	3-methylbutanethiol	541-31-4
113	1-buten-1-yl_methyl_sulfide	32951-19-2
114	2-methylbutyl_acetate	624-41-9
115	3-methylpentanoic_acid	105-43-1
116	2,6,6-trimethylcyclohexa-1,3-dienyl_methanal	116-26-7
117	allyl_isothiocyanate	57-06-7
118	2-nonanone	821-55-6
119	2-hydroxy-3,5,5-trimethyl-1,2-cyclohexenone	4883-60-7
120	butyl_salicylate	2052-14-4
121	a-methylbenzyl_alcohol	98-85-1
122	1,6-hexanedithiol	1191-43-1
123	dehydrodihydroionone	20483-36-7
124	5-hydroxy-2-decenoic_acid_d-lactone	51154-96-2
125	allyl_methyl_trisulfide	34135-85-8
126	3-methyl-2-butenal	107-86-8
127	p-ethoxybenzaldehyde	10031-82-0
128	4-decenoic_acid	26303-90-2
129	butter_starter_distillate	977019-27-4
130	zingerone	122-48-5
131	carvyl_acetate	97-42-7
132	citronellal	106-23-0
133	cis-4-hexenal	4634-89-3
134	methyl_(methylthio)acetate	16630-66-3
135	2-methylbutyl-3-methylbutanoate	2445-77-4
136	isoamyl_alcohol	123-51-3
137	methyl-3-hexenoate	2396-78-3
138	citronellyl_valerate	7540-53-6
139	quinoline	91-22-5
140	cyclohexyl_acetate	622-45-7
141	neryl_formate	2142-94-1
142	5-methylquinoxaline	13708-12-8
143	4-[(2,6,6)-trimethyl-cyclohex-1-enyl]-but-2-en-4-one	35044-68-9
144	isoamyl_propionate	105-68-0
145	1,3-propanedithiol	109-80-8
146	citronellyl_formate	105-85-1
147	isopentylamine	107-85-7
148	benzyl_benzoate	120-51-4
149	isobutyl_formate	542-55-2
150	3,4-hexanedione	4437-51-8
151	vitamin_b1	67-03-8
152	methyl_2-thiofuroate	13676-61-3
153	isobutyl_propionate	540-42-1
154	2-methylthioacetaldehyde	23328-62-3
155	methyl_cinnamate	103-26-4
156	(d-,_l-,_dl-,_meso)_tartaric_acid	526-83-0
157	piperidine	110-89-4
158	oleic_acid	112-80-1
159	cis-3-hexenal	6789-80-6
160	2-methyl-3-furanthiol	28588-74-1
161	p-dimethoxybenzene	150-78-7
162	p-mentha-1,4(8)-dien-3-one	491-09-8
163	4-methyl-2-pentenal	5362-56-1
164	neryl_butyrate	999-40-6
165	eugenol	97-53-0
166	1-decanol	112-30-1
167	l-menthyl_acetate	16409-45-3
168	ethyl_2-(methylthio)acetate	4455-13-4
169	2-(2-butyl)-4,5-dimethyl-3-thiazoline	65894-82-8
170	2-methylheptanoic_acid	1188-02-9
171	camphene	79-92-5
172	ethyl_methyl_disulfide	20333-39-5
173	acetylpyrazine	22047-25-2
174	methyl_butyrate	623-42-7
175	allyl_sulfide	592-88-1
176	dimethyl_succinate	106-65-0
177	b-pinene	127-91-3
178	2,4-dimethylanisole	6738-23-4
179	ethyl_isobutyrate	97-62-1
180	phenethyl-2-methylbutyrate	24817-51-4
181	p-methyl_diphenyl	644-08-6
182	p-methoxycinnamaldehyde	1963-36-6
183	4-methyl-3-penten-2-one	141-79-7
184	5-ethyl-2-methylpyridine	104-90-5
185	isobutyl_isobutyrate	97-85-8
186	terpinyl_formate	2153-26-6
187	4-propyl-2,6-dimethoxyphenol	6766-82-1
188	furfuryl_methyl_sulfide	1438-91-1
189	2-ethyl-3,5(6)-dimethylpyrazine	27043-05-6
190	(e,e)-2,4-decadien-1-ol	18409-21-7
191	butyl_hexanoate	626-82-4
192	2-ethylbutyric_acid	88-09-5
193	4,5-dihydro-3-(2h)thiophenone	1003-04-9
194	2,3-diethylpyrazine	15707-24-1
195	l-histidine	71-00-1
196	undecanal	112-44-7
197	2,6-dimethylthiophenol	118-72-9
198	valeric_acid	109-52-4
199	2-undecenal	2463-77-6
200	butyl_sulfide	544-40-1
201	amyl_butyrate	540-18-1
202	resorcinol	108-46-3
203	1-octen-3-ol	3391-86-4
204	p-cresol	106-44-5
205	delta-tetradecalactone	2721-22-4
206	phenylacetaldehyde_dimethyl_acetal	101-48-4
207	1-p-menthene-8-thiol	71159-90-5
208	ethylene_oxide	75-21-8
209	2-acetyl-5-methylfuran	1193-79-9
210	6-methylquinoline	91-62-3
211	2-ethyl-5-methylpyrazine	13360-64-0
212	4-decenal	30390-50-2
213	myrtenyl_acetate	1079-01-2
214	acetanisole	100-06-1
215	benzoic_acid	65-85-0
216	citronellyl_propionate	141-14-0
217	3-(2-furyl)acrolein	623-30-3
218	d-decalactone	705-86-2
219	a-ionol	25312-34-9
220	2-ethylfuran	3208-16-0
221	a-methylcinnamaldehyde	101-39-3
222	butan-3-one-2-yl_butanoate	84642-61-5
223	2-methylhexanoic_acid	4536-23-6
224	o-cresol	95-48-7
225	2,6-xylenol	576-26-1
226	2-undecanol	1653-30-1
227	methyl_anthranilate	134-20-3
228	2-hexen-1-ol	2305-21-7
229	palmitic_acid	57-10-3
230	methyl_phenyl_disulfide	14173-25-2
231	methoxypyrazine	3149-28-8
232	(z)-3-hexenyl_propionate	33467-74-2
233	(z)-3-hexenyl_isobutyrate	41519-23-7
234	2-nonanol	628-99-9
235	hexanal	66-25-1
236	propyl_isovalerate	557-00-6
237	methyl_cyclohexanecarboxylate	4630-82-4
238	a-pinene	80-56-8
239	2-ethyl-4,5-dimethyloxazole	53833-30-0
240	anisyl_alcohol	105-13-5
241	g-decalactone	706-14-9
242	2,2'-(thiodimethylene)_difuran	13678-67-6
243	hexanoic_acid	142-62-1
244	ethyl_trans-2-octenoate	7367-82-0
245	(2-furyl)-2-propanone	6975-60-6
246	1-hydroxy-2-butanone	5077-67-8
247	2-phenyl-2-butenal	4411-89-6
248	tetrahydrofurfuryl_alcohol	97-99-4
249	pyridine	110-86-1
250	hydroxycitronellal	107-75-5
251	isoamyl_benzoate	94-46-2
252	propyl_formate	110-74-7
253	ethyl_3-hexenoate	2396-83-0
254	trans-2-methyl-2-butenoic_acid	80-59-1
255	a-hexyl_cinnamaldehyde	101-86-0
256	myristaldehyde	124-25-4
257	2,4-dihydroxybenzoic_acid	89-86-1
258	methyl_3-hydroxyhexanoate	21188-58-9
259	monosodium_glutamate	142-47-2
260	d-piperitone	6091-50-5
261	3,5,5-trimethyl-1-hexanol	3452-97-9
262	d-dodecalactone	713-95-1
263	cis-6-nonen-1-ol	35854-86-5
264	3-methylthiobutyraldehyde	16630-52-7
265	acetaldehyde_ethyl_(z)-3-hexenyl_acetal	28069-74-1
266	3-hepten-2-one	1119-44-4
267	triacetin	102-76-1
268	isoamyl_hexanoate	2198-61-0
269	cis-3-hexen-1-yl_acetate	3681-71-8
270	2-(methylthio)ethanol	5271-38-5
271	4-acetoxy-2,5-dimethyl-3(2h)-furanone	4166-20-5
272	2,4-nonadienal	6750-03-4
273	terpinyl_acetate	80-26-2
274	3-hexanone	589-38-8
275	lauric_acid	143-07-7
276	4-heptenal_(cis-_and_trans-)	6728-31-0
277	2,5-xylenol	95-87-4
278	isoborneol	124-76-5
279	3-methylcyclohexanone	591-24-2
280	ethyl_lactate	97-64-3
281	3-oxooctanoic_acid_glyceride	91052-68-5
282	vanillin,_natural	121-33-5
283	benzyl_formate	104-57-4
284	3,5-dimethyl-1,2,4-trithiolane	23654-92-4
285	3-(methylthio)_propionaldehyde	3268-49-3
286	s-methyl_4-methylpentanethioate	53966-59-9
287	5-methyl-2-thiophenecarboxaldehyde	13679-70-4
288	butyl_alcohol	71-36-3
289	3-decanol	1565-81-7
290	ethyl_thioacetate	625-60-5
291	p-isopropylacetophenone	645-13-6
292	1-octanol	111-87-5
293	mintlactone	13341-72-5
294	2-pentenal	764-39-6
295	eugenyl_methyl_ether	93-15-2
296	methyl-3-methylthiopropionate	13532-18-8
297	p-a-dimethylbenzyl_alcohol	536-50-5
298	formic_acid	64-18-6
299	nonanoic_acid	112-05-0
300	cyclohexanecarboxylic_acid	98-89-5
301	ethyl_octanoate	106-32-1
302	2,5-dimethyl-4-methoxy-3(2h)-furanone	4077-47-8
303	p-menthan-2-one	499-70-7
304	ethyl_3-mercaptopropionate	5466-06-8
305	1,2-dimethoxybenzene	91-16-7
306	benzyl_propionate	122-63-4
307	2-isopropyl-5-methyl-2-hexenal	35158-25-9
308	2,4-dimethylacetophenone	89-74-7
309	ethyl_cis-4,7-octadienoate	69925-33-3
310	p-tolyl_acetate	140-39-6
311	2-octanol	123-96-6
312	ethyl_trans-2-hexenoate	27829-72-7
313	n-furfuryl_pyrrole	1438-94-4
314	4-(1,1-dimethyl)_ethyl_phenol	98-54-4
315	butyl_stearate	123-95-5
316	methyl_propionate	554-12-1
317	ethyl_acetate	141-78-6
318	2,6-dimethyl-10-methylene-2,6,11-dodecatrienal	60066-88-8
319	3,4-dimethyl-1,2-cyclopentanedione	13494-06-9
320	methyl_2-hexenoate	2396-77-2
321	methyl-4-methylvalerate	2412-80-8
322	acetone	67-64-1
323	2,6-dimethyl-4-heptanol	108-82-7
324	anisole	100-66-3
325	p-mentha-1,8-dien-7-ol	536-59-4
326	methyl_anisate	121-98-2
327	fenchyl_acetate	13851-11-1
328	butyl_formate	592-84-7
329	nonyl_octanoate	7786-48-3
330	3-methylthiopropyl_isothiocyanate	505-79-3
331	p-menth-8-en-2-one	3792-53-8
332	isobutyl_benzoate	120-50-3
333	isobutyl_acetate	110-19-0
334	cinnamyl_benzoate	5320-75-2
335	p-menth-1-en-3-ol	491-04-3
336	methyl_phenyl_sulfide	100-68-5
337	2-methylpropyl-3-methylbutyrate	589-59-3
338	furfuryl_alcohol	98-00-0
339	propyl_heptanoate	7778-87-2
340	1-methylnaphthalene	90-12-0
341	5-ethyl-3-hydroxy-4-methyl-2(5h)-furanone	698-10-2
342	p-menthane-3,8-diol	42822-86-6
343	isopropyl_myristate	110-27-0
344	s-methyl_3-methylbutanethioate	23747-45-7
345	g-nonalactone	104-61-0
346	4-(2,6,6-trimethyl-cyclohexa-1,3-dienyl)but-2-en-4-one	23696-85-7
347	cinnamic_acid	621-82-9
348	limonene_(d-,l-,_and_dl-)	5989-27-5,7705-14-8,5989-54-8,5989-27-5
349	guaiene	88-84-6
350	p-menth-1-ene-9-al	29548-14-9
351	3,6-dihydro-4-methyl-2-(2-methylpropen-1-yl)-2h-pyran	1786-08-9
352	2-undecanone	112-12-9
353	5-isopropyl-2-methylpyrazine	13925-05-8
354	citronellyl_isobutyrate	97-89-2
355	isoprenyl_acetate	5205-07-2
356	3-acetyl-2,5-dimethylthiophene	2530-10-1
357	isobutyric_acid	79-31-2
358	decanoic_acid	334-48-5
359	ethyl_levulinate	539-88-8
360	piperonyl_acetate	326-61-4
361	terpinolene	586-62-9
362	glycerol_tributyrate	60-01-5
363	2-methyl-5-vinylpyrazine	13925-08-1
364	trans,_trans-2,4-dodecadienal	21662-16-8
365	3-(2-methylpropyl)pyridine	14159-61-6
366	hexyl_octanoate	1117-55-1
367	2-methylbutyl-2-methyl_butyrate	2445-78-5
368	9-octadecenal	5090-41-5
369	4-methylpentanoic_acid	646-07-1
370	p-isopropylbenzyl_alcohol	536-60-7
371	2,8-dithianon-4-en-4-carboxaldehyde	59902-01-1
372	3-oxododecanoic_acid_glyceride	91052-70-9
373	pyruvaldehyde	78-98-8
374	coumarin_(prohibited)	91-64-5
375	benzyl_acetate	140-11-4
376	cyclohexaneethyl_acetate	21722-83-8
377	octyl_2-furoate	39251-88-2
378	thujan-4-ol	546-79-2
379	3-butylidenephthalide	551-08-6
380	2-oxobutyric_acid	600-18-0
381	4-hexene-3-one	2497-21-4
382	(e)-3-(z)-6-nonadien-1-ol	56805-23-3
383	2,3-dimethylbenzofuran	3782-00-1
384	2-methylbutyric_acid	116-53-0
385	1,5,5,9-tetramethyl-13-oxatricyclo-(8.3.0.0(4,9))________tridecane	6790-58-5
386	o-methoxybenzaldehyde	135-02-4
387	(e)-2-hexenyl_hexanoate	53398-86-0
388	allyl_mercaptan	870-23-5
389	2-isopropyl-4-methylthiazole	15679-13-7
390	1-penten-3-one	1629-58-9
391	trans,_trans-2,4-octadienal	30361-28-5
392	diallyl_polysulfides	72869-75-1
393	d-camphor	464-49-3
394	3-propylidenephthalide	17369-59-4
395	ethyl_laurate	106-33-2
396	2-acetyl-3,_(5_or_6)-dimethylpyrazine,_mixture_of_isomers	977043-63-2
397	6-methyl-5-hepten-2-one	110-93-0
398	g-valerolactone	108-29-2
399	ethyl_4-(methylthio)-butyrate	22014-48-8
400	heptyl_alcohol	111-70-6
401	isoamyl_laurate	6309-51-9
402	methyl_nicotinate	93-60-7
403	sulfur_dioxide	7446-09-5
404	nootkatone	4674-50-4
405	levulinic_acid	123-76-2
406	2-tridecanone	593-08-8
407	isobutyl_cinnamate	122-67-8
408	4,5-dimethyl_thiazole	3581-91-7
409	l-lysine	56-87-1
410	2-trans,_4-trans-decadienal	25152-84-5
411	3-oxotetradecanoic_acid_glyceride	91052-73-2
412	methyl_phenethyl_ether	3558-60-9
413	nona-2-trans,-6-cis-dienal	557-48-2
414	p-propylphenol	645-56-7
415	a-ionone	127-41-3
416	2-propylpyrazine	18138-03-9
417	1-ethoxy-3-methyl-2-butene	22094-00-4
418	4-hydroxy-3,5-dimethoxybenzaldehyde	134-96-3
419	ethyl_alcohol	64-17-5
420	ethyl-trans-2,_cis-4-decadienoate	3025-30-7
421	ethyl_salicylate	118-61-6
422	paraldehyde	123-63-7
423	vanillin	121-33-5
424	2-pentylfuran	3777-69-3
425	4-methyl-2,6-dimethoxyphenol	6638-05-7
426	thymol	89-83-8
427	pyrrole	109-97-7
428	1-(p-methoxyphenyl)-2-propanone	122-84-9
429	propyl_mercaptan	107-03-9
430	2-isobutyl-3-methoxypyrazine	24683-00-9
431	9,12-octadecadienoic_acid_(48%)_plus_9,12,15-octadeca-_trienoinc_acid_(52%)_(methyl_esters)	99999-08-0
432	dihydro-b-ionol	3293-47-8
433	isopulegol	89-79-2
434	linalyl_acetate	115-95-7
435	1-hexadecanol	36653-82-4
436	n-octyl_formate	112-32-3
437	hexyl_trans-2-hexenoate	.
438	3,7,11-trimethyl-2,6,10-dodecatrienal	19317-11-4
439	hexyl_hexanoate	6378-65-0
440	2-hydroxyacetophenone	582-24-1
441	geranyl_propionate	105-90-8
442	nerolidol	7212-44-4
443	2-pentyl_butyrate	60415-61-4
444	isopropyl_propionate	637-78-5
445	2-methylpentanal	123-15-9
446	prenylthiol	5287-45-6
447	diisopropyl_disulfide	4253-89-8
448	ethyl_3-phenylpropionate	2021-28-5
449	(+/?)_heptan-3-yl_butyrate	39026-94-3
450	decyl_butyrate	5454-09-1
451	(+/?)2-mercapto-2-methylpentan-1-ol	258823-39-1
452	beta-cyclodextrin	7585-39-9
453	heptyl_acetate	112-06-1
454	3-phenylpropyl_propionate	122-74-7
455	n-(4-hydroxy-3-methoxybenzyl)-8-methyl-6-nonena-mide	404-86-4
456	methyl_nonanoate	1731-84-6
457	ethyl_cyclohexanecarboxylate	3289-28-9
458	eugenyl_acetate	93-28-7
459	d-neomenthol	2216-52-6
460	2-methylvaleric_acid	97-61-0
461	4-carvomenthenol	562-74-3
462	propiophenone	93-55-0
463	propyl_benzoate	2315-68-6
464	3-methyl-2-cyclohexen-1-one	1193-18-6
465	d-ribose	50-69-1
466	m-cresol	108-39-4
467	citric_acid	77-92-9
468	decyl_acetate	112-17-4
469	3-oxohexadecanoic_acid_glyceride	91052-71-0
470	vanillyl_ethyl_ether	13184-86-6
471	ethyl_phenylacetate	101-97-3
472	propyl_disulfide	629-19-6
473	methyl_isobutyrate	547-63-7
474	dihydrocarvyl_acetate	20777-49-5
475	phenethyl_isothiocyanate	2257-09-2
476	farnesene	502-61-4
477	1,4-dimethyl-4-acetyl-1-cyclohexene	43219-68-7
478	2-undecen-1-ol	37617-03-1
479	cyclohexanone	108-94-1
480	(+/?)-cis-_and_trans-3,5-diethyl-1,2,4-trithiolane	54644-28-9
481	2,5-dimethylthiazole	4175-66-0
482	g-butyrolactone	96-48-0
483	anisyl_formate	122-91-8
484	n-hexyl-2-butenoate	19089-92-0
485	butyl_lactate	138-22-7
486	2,6-nonadien-1-ol	7786-44-9
487	2,3-diethyl-5-methylpyrazine	18138-04-0
488	a-irone	79-69-6
489	3-methyl-1-butanethiol	2084-18-6
490	hydrogen_sulfide	7783-06-4
491	anisyl_acetate	104-21-2
492	4-mercapto-4-methyl-2-pentanone	19872-52-7
493	2,5-diethyltetrahydrofuran	41239-48-9
494	dihydroxyacetone	96-26-4
495	6,7-dihydro-2,3-dimethyl-5h-cyclopentapyrazine	38917-63-4
496	menthyl_isovalerate	16409-46-4
497	3-(methylthio)_hexyl_acetate	51755-85-2
498	ethyl_decanoate	110-38-3
499	phenoxyacetic_acid	122-59-8
500	(z)-4-propenylphenol	85960-81-2
501	4-methylnonanoic_acid	45019-28-1
502	heptyl_isobutyrate	2349-13-5
503	veratraldehyde	120-14-9
504	p-menth-8-en-1-ol	138-87-4
505	ethyl_propionate	105-37-3
506	benzyl_tiglate	5837-78-5
507	1-butanethiol	109-79-5
508	diethyl_malate	7554-12-3
509	6-undecanone	927-49-1
510	2-propylpyridine	622-39-9
511	citronellyl_acetate	150-84-5
512	ethyl_nonanoate	123-29-5
513	1-hexanethiol	111-31-9
514	4,5,6,7-tetrahydro-3,6-dimethylbenzofuran	494-90-6
515	4-hexen-1-ol	6126-50-7
516	2-methyl-2-octenal	49576-57-0
517	4-ethylbenzaldehyde	4748-78-1
518	piperine	94-62-2
519	methyl_benzoate	93-58-3
520	trithioacetone	828-26-2
521	dihydro-b-ionone	17283-81-7
522	linalool_oxide	1365-19-1
523	3-mercapto-3-methylbutyl_formate	50746-10-6
524	octanoic_acid	124-07-2
525	3-methylbutyl_2-methylbutanoate	27625-35-0
526	dl-phenylalanine	150-30-1
527	2-ethyl-4-methylthiazole	15679-12-6
528	2,2'-(dithiodimethylene)-difuran	4437-20-1
529	diethyl_sulfide	352-93-2
530	methyl-4-(methylthio)butyrate	53053-51-3
531	butylamine	109-73-9
532	methyl_(e)-2-(z)-4-decadienoate	4493-42-9
533	4-methylthiazole	693-95-8
534	amyl_hexanoate	540-07-8
535	rhodinyl_butyrate	141-15-1
536	hexyl_2-methylbutyrate	10032-15-2
537	erythro_and_threo-3-mercapto-2-methylbutan-1-ol	227456-33-9
538	phenethyl_butyrate	103-52-6
539	3-mercapto-2-methylpentanal	227456-28-2
540	pulegone	89-82-7
541	b-ionone	14901-07-6
542	benzyl_ethyl_ether	539-30-0
543	cinnamyl_alcohol	104-54-1
544	5-methyl-3-hexen-2-one	5166-53-0
545	theobromine	83-67-0
546	butyl_laurate	106-18-3
547	hexyl_isobutyrate	2349-07-7
548	1-methyl-2-acetylpyrrole	932-16-1
549	isovaleric_acid	503-74-2
550	2-ethylpyrazine	13925-00-3
551	sodium_acetate	127-09-3
552	trans-2-nonen-1-ol	31502-14-4
553	propylene_glycol	57-55-6
554	n-nonanal	124-19-6
555	2-octenal	2363-89-5
556	2,5-dimethylpyrazine	123-32-0
557	2-ethylbutyraldehyde	97-96-1
558	dipropyl_trisulfide	6028-61-1
559	4-methyl-2-pentanone	108-10-1
560	dimethyl_trisulfide	3658-80-8
561	p-propyl_anisole	104-45-0
562	diethyl_trisulfide	3600-24-6
563	2,6,10-trimethyl-2,6,10-pentadecatrien-14-one	762-29-8
564	methyl-n-methylanthranilate	85-91-6
565	caffeine	58-08-2
566	(+/?)-2-(5-methyl-5-vinyltetrahydrofuran-2-yl)propi-onaldehyde	67920-63-2
567	isopropyl_acetate	108-21-4
568	methylcyclopentenolone	765-70-8
569	benzyl_acetoacetate	5396-89-4
570	triethyl_citrate	77-93-0
571	linalyl_formate	115-99-1
572	ascorbic_acid	50-81-7
573	hexyl_butyrate	2639-63-6
574	2-isobutyl_thiazole	18640-74-9
575	o-vinylanisole	612-15-7
576	trans-anethole	4180-23-8
577	butyl_anthranilate	7756-96-9
578	2,2,6-trimethylcyclohexanone	2408-37-9
579	l-aspartic_acid	8021-39-4
580	2,6,6-trimethyl-6-vinyltetrahydropyran	7392-19-0
581	g-octalactone	104-50-7
582	terpinyl_butyrate	80-26-6
583	undecyl_alcohol	112-42-5
584	2,6-dimethylpyridine	108-48-5
585	6-hydroxydihydrotheaspirane	65620-50-0
586	linalool	78-70-6
587	isoeugenol	97-54-1
588	methyl_trans-2-octenoate	2396-85-
589	disodium_5'-guanylate	5550-12-9
590	methyl_1-propenyl_disulfide	5905-47-5
591	butter_acids	85536-25-0
592	10-hydroxymethylene-2-pinene	128-50-7
593	ethyl_3-methylpentanoate	5870-68-8
594	4-hydroxy-5-methyl-3(2h)-furanone	19322-27-1
595	2-octanone	111-13-7
596	linalyl_isovalerate	1118-27-0
597	d-hexalactone	823-22-3
598	benzaldehyde_dimethyl_acetal	1125-88-8
599	methyl_sulfide	75-18-3
600	propyl_alcohol	71-23-8
601	1-(methylthio)-2-butanone	13678-58-5
602	eucalyptol	470-82-6
603	isopropyl_formate	625-55-8
604	2'-aminoacetophenone	551-93-9
605	m-dimethoxybenzene	151-10-0
606	phenethyl_acetate	103-45-7
607	benzyl_salicylate	118-58-1
608	(+/?)_2-methyl-1-butanol	137-32-6
609	trans-2-hexenoic_acid	13419-69-7
610	hexyl_acetate	142-92-7
611	benzyl_alcohol	100-51-6
612	verbenol	473-67-6
613	diallyl_trisulfide	2050-87-5
614	o-methylanisole	578-58-5
615	a,a-dimethylphenethyl_alcohol	100-86-7
616	hexyl_formate	629-33-4
617	4-methyl-5-vinylthiazole	1759-28-0
618	cis-_and_trans-menthone-8-thioacetate	57129-12-1
619	lauryl_alcohol	112-53-8
620	safrole	94-59-7
621	isobutyl_heptanoate	7779-80-8
622	benzyl_butyl_ether	588-67-0
623	2-methoxy-4-propylphenol	2785-87-7
624	octyl_2-methylbutyrate	29811-50-5
625	thaumatin_b-recombinant	53859-34-3
626	2-hydroxy-4-methyl_benzaldehyde	698-27-1
627	(z)-4-hydroxy-6-dodecenoic_acid_lactone	18679-18-0
628	p-mentha-1,3-diene	99-86-5
629	linalyl_octanoate	10024-64-3
630	amyl_alcohol	71-41-0
631	3-methyl-1-pentanol	589-35-5
632	2(10)-pinen-3-ol	5947-36-4
633	methyl_propyl_trisulfide	17619-36-2
634	ethyl_undecanoate	627-90-7
635	4-(p-methoxyphenyl)-2-butanone	104-20-1
636	benzyl_methyl_sulfide	766-92-7
637	o-propylphenol	644-35-9
638	4-hydroxybenzoic_acid	99-96-7
639	5,6,7,8-tetrahydroquinoxaline	34413-35-9
640	g-heptalactone	105-21-5
641	3-methyl-1-cyclopentadecanone	541-91-3
642	carveol	99-48-9
643	2,6-dimethoxyphenol	91-10-1
644	isopropyl_butyrate	638-11-9
645	2-hexenal	505-57-7
646	2-methyl-1-propanethiol	513-44-0
647	3-methyl-2-butanol	598-75-4
648	5-ethyl-2-hydroxy-3-methylcyclopent-2-en-1-one	53263-58-4
649	4-ethylguaiacol	2785-89-9
650	borneol	507-70-0
651	6-methyl-3,5-heptadien-2-one	1604-28-0
652	1,2,5,6-tetrahydrocuminic_acid	56424-87-4
653	acetic_anhydride	108-24-7
654	methyl_ethyl_trisulfide	31499-71-5
655	3-(methylthio)propyl_acetate	16630-55-0
656	3-heptanone	106-35-4
657	n-octanal	124-13-0
658	2,4-dimethylbenzaldehyde	15764-16-6
659	(+/?)-dihydrofarnesol	1335-48-4
660	butyl_isovalerate	109-19-3
661	1-octen-3-one	4312-99-6
662	2,4,5-trimethyl-d-3-oxazoline	22694-96-8
663	2-tridecenal	7774-82-5
664	amyl_formate	638-49-3
665	1-amino-2-propanol	78-96-6
666	2-methyl-5-thiomethylfuran	13678-59-6
667	2-ethyl-3-methylpyrazine	15707-23-0
668	cis-3-hexenyl_lactate	61931-81-5
669	methyl_furoate	611-13-2
670	decanal	112-31-2
671	acetic_acid	64-19-7
672	ethyl_tiglate	5837-78-5
673	myrcene	123-35-3
674	3-oxodecanoic_acid_glyceride	91052-69-6
675	(e)-2-octen-1-ol	18409-17-1
676	4-hydroxybenzaldehyde	123-08-0
677	santalol,_a_and	11031-45-1
678	5-hydroxy-7-decenoic_acid_d-lactone	25524-95-2
679	isosafrole_(prohibited)	120-58-1
680	neryl_acetate	141-12-8
681	cadinene	29350-73-0
682	cis-3-hexenyl_butyrate	16491-36-4
683	trans-2-octen-1-yl_acetate	3913-80-2
684	d,l-valine	516-06-3
685	ethyl_propyl_disulfide	30453-31-7
686	trimethylamine	75-50-3
687	ethyl_trans-2-decenoate	7367-88-6
688	acetophenone	98-86-2
689	2,4,5-trimethyl_thiazole	13623-11-5
690	4-hydroxy-2,5-dimethyl-3(2h)-furanone	3658-77-3
691	3-methylcrotonic_acid	541-47-9
692	5-hydroxy-2,4-decadienoic_acid_d-lactone	.
693	3-ethyl-2,6-dimethylpyrazine	13925-07-0
694	disodium_succinate	150-90-3
695	1-ethyl-2-acetylpyrrole	39741-41-8
696	biphenyl	92-52-4
697	2-methyltetrahydrothiophen-3-one	13679-85-1
698	b-ionol	22029-76-1
699	sodium_citrate	68-04-2
700	estragole	140-67-0
701	bornyl_isovalerate	76-50-6
702	2-ethyl_(3_or_5_or_6)-methoxypyrazine_(85%)_plus_2-methyl_(3_or_5_or_6)-methoxypyrazine_(13%)	977044-47-5
703	furfural	98-01-1
704	alpha-terpineol	10482-56-1
705	a-methylbenzyl_acetate	93-92-5
706	4-methyloctanoic_acid	54947-74-9
707	quinine	.
708	3-hydroxy-2-oxopropionic_acid	1113-60-6
709	isoamyl_isovalerate	659-70-1
710	phenethyl_propionate	122-70-3
711	g-ionone	79-76-5
712	2-propionylpyrrole	1073-26-3
713	geranyl_isobutyrate	2345-26-8
714	bis-(methylthio)methane	1618-26-4
715	d-fenchone	4695-62-9
716	methyl_o-methoxybenzoate	606-45-1
717	phenethyl_formate	104-62-1
718	caryophyllene_alcohol	4586-22-5
719	propionic_acid	79-09-4
720	p-menth-3-en-1-ol	586-82-3
721	3-acetylpyridine	350-03-8
722	1-mercapto-2-propanone	24653-75-6
723	methyl_sorbate	686-89-4
724	heptanoic_acid	111-14-8
725	3-methyl-2-oxobutanoic_acid	759-05-7
726	(e)-3,7-dimethyl-1,5,7-octatrien-3-ol	38818-60-9
727	3,4-xylenol	95-65-8
728	3-(methylthio)propanol	505-10-2
729	2,4-pentadienal	746-40-9
730	lauric_aldehyde	112-54-9
731	bisabolene	495-62-5
732	(z)(z)-3,6-nonadien-1-ol	76649-25-7
733	ethyl_propyl_trisulfide	31499-70-4
734	phenylacetaldehyde	122-78-1
735	p-tolyl-3-methyl_butyrate	55066-56-3
736	2-methylundecanal	110-41-8
737	phenylacetic_acid	103-82-2
738	vanillin_acetate	881-68-5
739	undecen-1-ol	112-43-6
740	n-octyl_isovalerate	7786-58-5
741	2-heptylfuran	3777-71-7
742	methyl_mercaptan	74-93-1
743	10-undecenoic_acid	112-38-9
744	ethyl_heptanoate	106-30-9
745	cis-2-nonen-1-ol	41453-56-9
746	hydroxycitronellol	107-74-4
747	3-phenylpropionic_acid	501-52-0
748	ethyl_octadecanoate	111-61-5
749	3-oxobutanal,_dimethyl_acetal	5436-21-5
750	ethyl_hexanoate	123-66-0
751	4-(p-hydroxyphenyl)-2-butanone	5471-51-2
752	ethyl_cis-4-heptenoate	39924-27-1
753	2,3,5,6-tetramethylpyrazine	1124-11-4
754	2-sec-butylcyclohexanone	14765-30-1
755	sodium_benzoate	532-31-1
756	3-octanol	589-98-0
757	3-carene	13466-78-9
758	isoquinoline	119-65-3
759	cuminaldehyde	122-03-2
760	linalyl_propionate	144-39-8
761	3-hexen-1-ol	928-96-1
762	3-phenylpropyl_cinnamate	122-68-9
763	n-butyl-2-methylbutyrate	15706-73-7
764	2-methylbutyraldehyde	96-17-3
765	benzyl_isobutyrate	103-28-6
766	methyl_myristate	124-10-7
767	fenchyl_alcohol	1632-73-1
768	butyl_acetate	123-86-4
769	cis-6-nonenal	2277-19-2
770	2,2,4-trimethyl-1,3-oxacyclopentane	1193-11-9
771	2-hydroxybenzoic_acid	69-72-7
772	3-methylbutyraldehyde	590-86-3
773	octyl_isobutyrate	109-15-9
774	octyl_butyrate	110-39-4
775	geranyl_formate	105-86-2
776	methyl_ethyl_sulfide	625-80-9
777	isoamyl_salicylate	87-20-7
778	methyl_heptanoate	106-73-0
779	2-trans,_6-trans-nonadienal	17587-33-6
780	methyl_furfuryl_disulfide	57500-00-2
781	4-ethyl-2,6-dimethoxyphenol	14059-92-8
782	2-pentylpyridine	2294-76-0
783	3-hydroxy-4-phenylbutan-2-one	5355-63-5
784	geranyl_acetate	105-87-3
785	phenethyl_benzoate	94-47-3
786	1-penten-3-ol	616-25-1
787	isobutyl_butyrate	539-90-2
788	diethyl_succinate	123-25-1
789	nonyl_isovalerate	7786-47-2
790	cinnamyl_cinnamate	122-69-0
791	menthone	89-80-5
792	propyl_propionate	106-36-5
793	a-phellandrene	99-83-2
794	6,10-dimethyl-5,9-undecadien-2-one	689-67-8
795	2-methyl-3-(p-isopropylphenyl)-propionaldehyde	103-95-7
796	2-acetoxy-3-butanone	4906-24-5
797	aconitic_acid	499-12-7
798	hexyl_alcohol	111-27-3
799	1-phenyl-1,2-propanedione	579-07-7
800	ethyl_formate	109-94-4
801	sodium_diacetate	126-96-5
802	3-ethyl-2-hydroxy-4-methylcylcopent-2-en-1-one	42348-12-9
803	citronellyl_butyrate	141-16-2
804	methyl_laurate	111-82-0
805	isobutyl_phenylacetate	102-13-6
806	isobutyl_alcohol	78-83-1
807	hexyl_phenylacetate	5421-17-0
808	2-acetyl-2-thiazoline	29926-41-8
809	isobutyl_hexanoate	105-79-3
810	tannic_acid	1401-55-4
811	myristic_acid	544-63-8
812	2,2,3-trimethylcyclopent-3-en-1-yl_acetaldehyde	4501-58-0
813	d-octalactone	698-76-0
814	4-(2-furyl)-3-buten-2-one	623-15-4
815	isoamyl_phenylacetate	102-19-2
816	5-_and_6-decenoic_acid	85392-03-6,85392-04-7
817	2-octen-4-one	4643-27-0
818	2-methyltetrahydrofuran-3-one	3188-00-9
819	1,2-ethanedithiol	540-63-6
820	3-methylthio-1-hexanol	51755-66-9
821	isoamyl_butyrate	106-27-4
822	salicylaldehyde	90-02-8
823	l-glutamic_acid	56-86-0
824	5-hydroxy-4-octanone	496-77-5
825	d-undecalactone	710-04-3
826	cis-3-hexenyl-2-methylbutyrate	53398-85-9
827	2-methyl-3-butenal	497-03-0
828	glycine	56-40-6
829	isopropyl_isobutyrate	617-50-5
830	isopulegyl_acetate	57576-09-7
831	methyl_benzyl_disulfide	699-10-5
832	fumaric_acid	110-17-8
833	isobutyl_angelate	7779-81-9
834	2,2-dimethyl-5-(1-methylpropen-1-yl)-__________________________________tetrahydrofuran	7416-35-5
835	ethyl_acrylate	140-88-5
836	2-methoxy-4-vinylphenol	7786-61-0
837	adipic_acid	124-04-9
838	2-trans-4-cis-7-cis-tridecatrienal	13552-96-0
839	ethyl_p-anisate	94-30-4
840	2-isopropylphenol	88-69-7
841	2,5_diethyl-3-methylpyrazine	32736-91-7
842	dl-isomenthone	491-07-6
843	methyl_3-nonenoate	13481-87-3
844	cinnamyl_butyrate	103-61-7
845	1-methyl-2,3-cyclohexadione	3008-43-3
846	dihydro-a-ionone	31499-72-6
847	methyl_salicylate	119-36-8
848	4-hydroxy-4-methyl-5-hexenoic_acid_gamma-lactone	1073-11-6
849	methyl_propyl_disulfide	2179-60-4
850	pyrazine	290-37-9
851	o-(methylthio)phenol	1073-29-6
852	isoamyl_nonanoate	7779-70-6
853	phenethylamine	64-04-0
854	diethyl_malonate	105-53-3
855	2-methylheptan-3-one	13019-20-0
856	heptyl_formate	112-23-2
857	benzyl_butyrate	103-37-7
858	5-methyl-2-phenyl-2-hexenal	21834-92-4
859	2-methyl-1-butanethiol	1878-18-8
860	ethyl_3-hydroxyhexanoate	2305-25-1
861	maltol	118-71-8
862	heptyl_butyrate	5870-93-9
863	p-mentha-8-thiol-3-one	38462-22-5
864	2(4)-isobutyl-4(2),6-dimethyldihydro-4h-1,3,5-dithiazine	977161-98-0
865	propyl_butyrate	105-66-8
866	propyl_isobutyrate	644-49-5
867	methyl_phenylacetate	101-41-7
868	allyl_heptanoate	142-19-8
869	methyl_linoleate_(48%)_methyl_linolenate_(52%)_mix-ture	977136-80-3
870	3-methyl-2,4-nonanedione	113486-29-6
871	5h-5-methyl-6,7-dihydrocyclopenta(b)pyrazine	23747-48-0
872	methyl-cis-4-octenoate	21063-71-8
873	ethyl_crotonate	623-70-1
874	3-hexenyl_phenylacetate	42436-07-7
875	3-nonanone	925-78-0
876	l-malic_acid	97-67-6
877	acetal	105-57-7
878	ethyl_10-undecenoate	692-86-4
879	ethyl_palmitate	628-97-7
880	g-undecalactone	104-67-6
881	geranyl_tiglate	7785-33-7
882	2-propionylthiazole	43039-98-1
883	(z)-4-dodecenal	21944-98-9
884	dihydrocarveol	619-01-2
885	2-methoxy-4-methylphenol	93-51-6
886	p,a,a-trimethylbenzyl_alcohol	1197-01-9
887	3-phenylpropionaldehyde	104-53-0
888	hexyl_propionate	2445-76-3
889	rhodinol	6812-78-8
890	2,3,5-trimethylpyrazine	14667-55-1
891	dehydromenthofurolactone	75640-26-5
892	3-oxohexanoic_acid_glyceride	91052-72-1
893	2,3-pentanedione	600-14-6
894	isoeugenyl_methyl_ether	93-16-3
895	1,1-dimethoxyethane	534-15-6
896	2,6,6-trimethylcyclohex-2-ene-1,4-dione	1125-21-9
897	5-methyl-2-hepten-4-one	81925-81-7
898	carvone	6485-40-1
899	4-methylthio-2-butanone	3407-39-7
900	potassium_sorbate	590-00-1
901	2,3,5-trithiahexane	42474-44-2
902	2-nonenal	2463-53-8
903	4-acetyl-2-methylpyrimidine	67860-38-2
904	thiazole	288-47-1
905	3-methylbutyl-2-methylpropanoate	2050-01-3
906	bornyl_acetate	76-49-3
907	2-phenylpropionaldehyde	93-53-8
908	3-phenylpropyl_acetate	122-72-5
909	2-heptanone	110-43-0
910	ethyl_oleate	111-62-6
911	2-acetylpyridine	1122-62-9
912	indole	120-72-9
913	n-butyric_acid	107-92-6
914	pyrrolidine	123-75-1
915	d,l-methionine	59-51-8
916	2-acetyl-3-methylpyrazine	23787-80-6
917	furfuryl_isovalerate	13678-60-9
918	2-pentanone	108-87-9
919	butyl_isobutyrate	97-87-0
920	p-vinylphenol	2628-17-3
921	citral_(neral)	5392-40-5
922	2-ethyl-1-hexanol	104-76-7
923	isobornyl_propionate	2756-56-1
924	bornyl_formate	7492-41-3
925	3-hydroxy-2-pentanone	3142-66-3
926	2,6-dimethylpyrazine	108-50-9
927	skatole	83-34-1
928	4-methyl-2-phenyl-2-pentenal	26643-91-4
929	isophorone	78-59-1
930	isobornyl_acetate	125-12-2
931	1-octen-3-yl_acetate	2442-10-6
932	isopropyl_2-methylbutyrate	66576-71-4
933	methyl_2-methyl-3-furyl_disulfide	65505-17-1
934	o-methoxycinnamaldehyde	1504-74-1
935	3-mercapto-3-methyl-1-butanol	34300-94-2
936	benzyl_hexanoate	6938-45-0
937	furfuryl_acetate	623-17-6
938	p-mentha-1,8-dien-7-yl-acetate	15111-96-3
939	glycerol	56-81-5
940	2-acetyl-3-ethylpyrazine	32974-92-8
941	3-decanone	928-80-3
942	3,5-dimethyl-1,2-cyclopentadione	13494-07-0
943	(e,e)-3,5-octadien-2-one	30086-02-3
944	acetaldehyde_diisoamyl_acetal	13002-09-0
945	a-damascone	43052-87-5
946	1,3,5-undecatriene_(a_mixture_of_1,3(e),5(z)-_and_______________1,3(e),5(e)-isomers)	16356-11-9
947	3-methyl-2-buten-1-ol	556-82-1
948	2-ethyl-6-methylpyrazine	13925-03-6
949	benzyl_isovalerate	103-38-8
950	w-pentadecalactone	106-02-5
951	farnesol	4602-84-0
952	cis-3-octen-1-ol	20125-84-2
953	campholene_acetate	1727-68-0
954	geraniol	106-24-1
955	furfuryl_propionate	623-19-8
956	cinnamyl_acetate	103-54-8
957	methyl_octanoate	111-11-5
958	butyraldehyde	123-72-8
959	phenethyl_hexanoate	6290-37-5
960	2-acetylthiazole	24295-03-2
961	2,3-octanedione	585-25-1
962	4-methyl-5-thiazoleethanol	137-00-8
963	benzophenone	119-61-9
964	p-methylanisole	104-93-8
965	piperonal	120-57-0
966	erythrobic_acid	89-65-6
967	geranyl_isovalerate	109-20-6
968	isopropenylpyrazine	38713-41-6
969	3-heptanol	589-82-2
970	4-propenyl-2,6-dimethoxyphenol	20675-95-0
971	methyl_hexanoate	106-70-7
972	3-octen-2-one	1669-44-9
973	2-hexen-1-yl_acetate	2497-18-9
974	acetaldehyde	75-07-0
975	amyl_octanoate	638-25-5
976	allyl_disulfide	2179-57-9
977	linalyl_benzoate	126-64-7
978	3-octanone	106-68-3
979	isopulegone	29606-79-9
980	2-pentanol	6032-29-7
981	2-hepten-4-one	4643-25-8
982	2-methyl-3-tetrahydrofuranthiol	57124-87-5
983	2-methoxy-3-(1-methylpropyl)pyrazine	24168-70-5
984	methyl_disulfide	624-92-0
985	styrene	100-42-5
986	phenethyl_isovalerate	140-26-1
987	4-phenyl-3-buten-2-one	122-57-6
988	ethyl_isovalerate	108-64-5
989	1-p-menthen-9-yl_acetate	17916-91-5
990	5-methylfurfural	620-02-0
991	butyl_butyrate	109-21-7
992	2-pentanethiol	2084-19-7
993	butyl_phenylacetate	122-43-0
994	theaspirane	36431-72-8
995	diacetyl	431-03-8
996	citronellol	26489-01-0
997	2-pentadecanone	2345-28-0
998	(e)-7-methyl-3-octen-2-one	.
999	allyl_hexanoate	123-68-2
1000	furfuryl_mercaptan	98-02-2
1001	propyl_acetate	109-60-4
1002	4,5-dimethyl-3-hydroxy-2,5-dihydrofuran-2-one	28664-35-9
1003	polyarabinogalactan	9036-66-2
1004	propionaldehyde	123-38-6
1005	cis-3-hexenyl_formate	33467-73-1
1006	1-phenyl-1-propanol	93-54-9
1007	2-decenal	3913-71-1
1008	sclareolide	.
1009	3,7-dimethyl-1-octanol	106-21-8
1010	a-campholenic_alcohol	1901-38-8
1011	carvacrol	499-75-2
1012	p-cymene	99-87-6
1013	n-valeraldehyde	110-62-3
1014	2-pentyl_acetate	626-38-0
1015	nerol	106-25-2
1016	isopropyl_benzoate	939-48-0
1017	geranyl_hexanoate	10032-02-7
1018	undecanoic_acid	112-37-8
1019	cis-5-octen-1-ol	64275-73-6
1020	1-pyrroline	.
1021	methyl_isovalerate	226-24-1
1022	cinnamaldehyde	104-55-2
1023	2-methyl-2-pentenal	623-36-9
1024	tetrahydro-4-methyl-2-(2-methylpropen-1-yl)pyran	16409-43-1
1025	l-phenylalanine	63-91-2
1026	d-sorbitol	50-70-4
1027	cyclopentanone	120-92-3
1028	taurine	107-35-7
1029	ethyl_cinnamate	103-36-6
1030	methyl_acetate	79-20-9
1031	3-hexenoic_acid	4219-24-3
1032	diethyl_tartrate	87-91-2
1033	2-butanone	78-93-3
1034	a-propylphenethyl_alcohol	705-73-7
1035	allyl_methyl_disulfide	2179-58-0
1036	ethyl_valerate	539-82-2
1037	cis-4-decenyl_acetate	67452-27-1
1038	benzenethiol	108-98-5
1039	3-n-butylphthalide	6066-49-5
1040	phenethyl_alcohol	60-12-8
1041	ethyl_acetoacetate	141-97-9
1042	l-arginine	74-79-3
1043	2-methoxy-3_(5_and_6)-isopropylpyrazine	25773-40-4
1044	5-isopropenyl-2-methyl-2-vinyltetrahydrofuran	13679-86-2
1045	heptanal	111-71-7
1046	acetoin	513-86-0
1047	2-methylcyclohexanone	583-60-8
1048	p-a-dimethyl_styrene	1195-32-0
1049	isopropyl_alcohol	67-63-0
1050	2,3-heptanedione	977043-66-5
1051	3-decen-2-one	10519-33-2
1052	linalyl_isobutyrate	78-35-3
1053	2-methyl-3-pentenoic_acid	37674-63-8
1054	2-heptenal	2463-63-0
1055	neryl_isobutyrate	2345-24-6
1056	hydroxycitronellal_dimethyl_acetal	107-75-5
1057	ethyl_2-methylbutyrate	7452-79-1
1058	phenethyl_octanoate	5457-70-5
1059	propyl_thioacetate	2307-10-0
1060	ethyl_myristate	124-06-1
1061	methyl-2-methylbutyrate	868-57-5
1062	phosphoric_acid	7664-38-2
1063	butyl_ethyl_disulfide	63986-03-8
1064	phenol	108-95-2
1065	benzaldehyde_propylene_glycol_acetal	2568-25-4
1066	butyl_heptanoate	5454-28-4
1067	1,4-cineole	470-67-7
1068	ethyl_5-hexenoate	54653-25-7
1069	myrtenol	515-00-4
1070	benzaldehyde	100-52-7
1071	a-furfuryl_pentanoate	36701-01-6
1072	s-methyl_thioacetate	1534-08-3
1073	n-propyl_hexanoate	626-77-7
1074	2,6-dimethyl-4-heptanone	108-83-8
1075	phenethyl_isobutyrate	103-48-0
1076	3,4-dimethoxy-1-vinylbenzene	6380-23-0
1077	4-methyl-2-oxopentanoic_acid	816-66-0
1078	citronellic_acid	502-47-6
1079	1-methyl-1-cyclopenten-3-one	2758-18-1
1080	4-hydroxy-2,3-dimethyl-2,4-nonadienoic_acid_gamma-lactone	774-64-1
1081	allyl_2-furoate	4208-49-5
1082	nonyl_alcohol	143-08-8
1083	s-methyl_hexanethioate	2432-77-1
1084	a-amylcinnamaldehyde	122-40-7
1085	benzyl_mercaptan	100-53-8
1086	pyroligneous_acid,_extract	8028-47-5
1087	ethyl_pyruvate	617-35-6
1088	2-formyl-6,6-dimethyl_bicyclo_[3.1.1]_hept-2-ene	564-94-3
1089	3-phenyl-1-propanol	122-97-4
1090	methyl_jasmonate	1211-29-6
1091	ethyl_benzoate	93-89-0
1092	p-mentha-1,4-diene	99-85-4
1093	ethyl_cis-4-octenoate	34495-71-1
1094	butyl_propionate	590-01-2
1095	neryl_propionate	105-91-9
1096	2-methyl-1,3-dithiolane	5616-51-3
1097	4-hydroxy-3-methyloctanoic_acid_lactone	39212-23-2
1098	2-ethyl-4-hydroxy-5-methyl-3(2h)-furanone	27538-10-9
1099	l-arabinose	5328-37-0
1100	cis-3-hexenyl_benzoate	25152-85-6
1101	hexyl_benzoate	6789-88-4
1102	2-heptanol	543-49-7
1103	1-octen-3-yl_butyrate	16491-54-6
1104	guaiacol	90-05-1
1105	(+/?)-methyl_5-acetoxyhexanoate	35234-22-1
1106	ethyl_sorbate	2396-84-1
